Continent,City,Time_Zone
africa,cairo,EET(GMT+02:00)
africa,casablanca,WET(GMT+01:00)
africa,dekar,CAT(GMT+02:00)
africa,johannesburg,SAST(GMT+02:00)
africa,nairobi,EAT(GMT+03:00)
alaska,anchorage,AKST(GMT-09:00)
america,buenosaires,ART(GMT-03:00)
america,mexicocity,CST(GMT-06:00)
america,sanpaulo,BRT(GMT-03:00)
america,santiago,CLT(GMT-04:00)
asia,baghdad,AST(GMT+03:00)
asia,bangkok,ICT(GMT+07:00)
asia,dubai,GST(GMT+04:00)
asia,hochiminh,ICT(GMT+07:00)
asia,hongkong,HKT(GMT+08:00)
asia,jakarta,WIB(GMT+07:00)
asia,kabul,AFT(GMT+04:30)
asia,kolkata,IST(GMT+05:30)
asia,kualalumpur,MYT(GMT+08:00)
asia,kuwait,AST(GMT+03:00)
asia,manila,PHT(GMT+08:00)
asia,novosibirsk,NOVT(GMT+07:00)
asia,pyongyang,KST(GMT+09:00)
asia,riyadh,AST(GMT+03:00)
asia,seoul,KST(GMT+09:00)
asia,shanghai,CST(GMT+08:00)
asia,singapore,SGT(GMT+08:00)
asia,taipei,CST(GMT+08:00)
asia,tehran,IRST(GMT+03:30)
asia,tokyo,JST(GMT+09:00)
asia,ulaanbaatar,ULAT(GMT+08:00)
australia,melbourne,AEST(GMT+10:00)
australia,sydney,AEST(GMT+10:00)
canada,calgary,MST(GMT-07:00)
canada,edmonton,MST(GMT-07:00)
canada,halifax,AST(GMT-04:00)
canada,montreal,EST(GMT-05:00)
canada,ottawa,EST(GMT-05:00)
canada,quebec,EST(GMT-05:00)
canada,regina,CST(GMT-06:00)
canada,stjohns,NST(GMT-03:30)
canada,toronto,EST(GMT-05:00)
canada,vancouver,PST(GMT-08:00)
canada,winnipeg,CST(GMT-06:00)
europe,amsterdam,CET(GMT+01:00)
europe,athens,EET(GMT+02:00)
europe,berlin,CET(GMT+01:00)
europe,budapest,CET(GMT+01:00)
europe,helsinki,EET(GMT+02:00)
europe,istanbul,TRT(GMT+03:00)
europe,lisbon,WET(GMT+00:00)
europe,london,LMT(GMT+00:00)
europe,madrid,CET(GMT+01:00)
europe,moscow,MSK(GMT+03:00)
europe,paris,CET(GMT+01:00)
europe,rome,CET(GMT+01:00)
pacific,auckland,NZST(GMT+12:00)
pacific,guam,ChST(GMT+10:00)
pacific,honolulu,HST(GMT-10:00)
pacific,saipan,ChST(GMT+10:00)
us,chicago,CST(GMT-06:00)
us,denver,MST(GMT-07:00)
us,detroit,EST(GMT-05:00)
us,losangeles,PST(GMT-08:00)
us,newyork,EST(GMT-05:00)
us,phoenix,MST(GMT-07:00)
